Test_Name,Status,Timestamp,Status_Code,Expected,Severity,Error,Details
Server Health Check,PASSED,2025-07-08T15:19:42.003Z,200,,none,None,Infrastructure validation
Landing Page Access,PASSED,2025-07-08T15:19:42.014Z,200,,none,None,Frontend routing
Login Page Access,PASSED,2025-07-08T15:19:42.022Z,200,,none,None,Authentication interface
Vault Endpoint Protection,PASSED,2025-07-08T15:19:42.026Z,401,401 or 403,none,None,Security enforcement
Admin Endpoint Protection,PASSED,2025-07-08T15:19:42.029Z,401,401 or 403,none,None,Access control
Council Endpoint Protection,PASSED,2025-07-08T15:19:42.032Z,401,401 or 403,none,None,Authorization middleware
Hook Generation API,PASSED,2025-07-08T15:19:42.035Z,200,,none,None,JSON: true, Hooks: Yes
Quiz Scoring API,PASSED,2025-07-08T15:19:42.037Z,200,,none,None,JSON: true, Score: Yes
Stripe Starter Tier Integration,PASSED,2025-07-08T15:19:44.030Z,200,,none,None,Tier: starter, Success: Yes, JSON: true
Stripe Pro Tier Integration,PASSED,2025-07-08T15:19:45.949Z,200,,none,None,Tier: pro, Success: Yes, JSON: true
Stripe Vault Tier Integration,PASSED,2025-07-08T15:19:47.931Z,200,,none,None,Tier: vault, Success: Yes, JSON: true